Year,Contract_ID,Organization_Name,Organization_Marketing_Name,Parent_Organization,ACHP_Flag,Rollup
2015,H3664,AULTCARE HEALTH INSURING CORPORATION,PrimeTime Health Plan,Aultman Health Foundation,1,AultCare
2016,H3664,AULTCARE HEALTH INSURING CORPORATION,PrimeTime Health Plan,Aultman Health Foundation,1,AultCare
2017,H3664,AULTCARE HEALTH INSURING CORPORATION,PrimeTime Health Plan,Aultman Health Foundation,1,AultCare
2018,H3664,AULTCARE HEALTH INSURING CORPORATION,PrimeTime Health Plan,Aultman Health Foundation,1,AultCare
2019,H3664,AULTCARE HEALTH INSURING CORPORATION,PrimeTime Health Plan,Aultman Health Foundation,1,AultCare
2020,H3664,AULTCARE HEALTH INSURING CORPORATION,PrimeTime Health Plan,Aultman Health Foundation,1,AultCare
2015,H1016,"AVMED, INC.",AvMed Medicare,"AvMed, Inc.",1,AvMed
2016,H1016,"AVMED, INC.",AvMed Medicare,"AvMed, Inc.",1,AvMed
2017,H1016,"AVMED, INC.",AvMed Medicare,"AvMed, Inc.",1,AvMed
2018,H1016,"AVMED, INC.",AvMed Medicare,"AvMed, Inc.",1,AvMed
2019,H1016,"AVMED, INC.",AvMed Medicare,"AvMed, Inc.",1,AvMed
2020,H1016,"AVMED, INC.",AvMed Medicare,"AvMed, Inc.",1,AvMed
2015,H3388,"CAPITAL DISTRICT PHYSICIANS' HEALTH PLAN, INC.",CDPHP Medicare Choices,"Capital District Physicians' Health Plan, Inc.",1,CDPHP
2015,H5042,"CDPHP UNIVERSAL BENEFITS, INC.",CDPHP Medicare Choices,"Capital District Physicians' Health Plan, Inc.",1,CDPHP
2016,H3388,"CAPITAL DISTRICT PHYSICIANS' HEALTH PLAN, INC.",CDPHP Medicare Choices,"Capital District Physicians' Health Plan, Inc.",1,CDPHP
2016,H5042,"CDPHP UNIVERSAL BENEFITS, INC.",CDPHP Medicare Choices,"Capital District Physicians' Health Plan, Inc.",1,CDPHP
2017,H3388,"CAPITAL DISTRICT PHYSICIANS' HEALTH PLAN, INC.",CDPHP Medicare Choices,"Capital District Physicians' Health Plan, Inc.",1,CDPHP
2017,H5042,"CDPHP UNIVERSAL BENEFITS, INC.",CDPHP Medicare Choices,"Capital District Physicians' Health Plan, Inc.",1,CDPHP
2018,H3388,"CAPITAL DISTRICT PHYSICIANS' HEALTH PLAN, INC.",CDPHP Medicare Advantage,"Capital District Physicians' Health Plan, Inc.",1,CDPHP
2018,H5042,"CDPHP UNIVERSAL BENEFITS, INC.",CDPHP Medicare Advantage,"Capital District Physicians' Health Plan, Inc.",1,CDPHP
2019,H3388,"CAPITAL DISTRICT PHYSICIANS' HEALTH PLAN, INC.",CDPHP Medicare Advantage,"Capital District Physicians' Health Plan, Inc.",1,CDPHP
2019,H5042,"CDPHP UNIVERSAL BENEFITS, INC.",CDPHP Medicare Advantage,"Capital District Physicians' Health Plan, Inc.",1,CDPHP
2020,H3388,"CAPITAL DISTRICT PHYSICIANS' HEALTH PLAN, INC.",CDPHP Medicare Advantage,"Capital District Physicians' Health Plan, Inc.",1,CDPHP
2020,H5042,"CDPHP UNIVERSAL BENEFITS, INC.",CDPHP Medicare Advantage,"Capital District Physicians' Health Plan, Inc.",1,CDPHP
2015,H3755,"COMMUNITY CARE HMO, INC",CommunityCare Senior Health Plan (HMO),"CommunityCare Managed Healthcare Plans of OK, Inc.",1,CommunityCare
2016,H3755,"COMMUNITY CARE HMO, INC",CommunityCare Senior Health Plan (HMO),"CommunityCare Managed Healthcare Plans of OK, Inc.",1,CommunityCare
2017,H3755,"COMMUNITY CARE HMO, INC",CommunityCare Senior Health Plan (HMO),"CommunityCare Managed Healthcare Plans of OK, Inc.",1,CommunityCare
2018,H3755,"COMMUNITY CARE HMO, INC",CommunityCare Senior Health Plan (HMO),"CommunityCare Managed Healthcare Plans of OK, Inc.",1,CommunityCare
2019,H3755,"COMMUNITY CARE HMO, INC",CommunityCare Senior Health Plan (HMO),"CommunityCare Managed Healthcare Plans of OK, Inc.",1,CommunityCare
2016,H4198,"COMMUNITYCARE GOVERNMENT PROGRAMS, INC.",CommunityCare Advantage Medicare Plan (HMO),St Francis Health System & St John Health System,1,CommunityCare
2017,H4198,"COMMUNITYCARE GOVERNMENT PROGRAMS, INC.",CommunityCare Advantage Medicare Plan (HMO),St Francis Health System & St John Health System,1,CommunityCare
2018,H4198,"COMMUNITYCARE GOVERNMENT PROGRAMS, INC.",CommunityCare Advantage Medicare Plan (HMO),St Francis Health System & St John Health System,1,CommunityCare
2019,H4198,"COMMUNITYCARE GOVERNMENT PROGRAMS, INC.",CommunityCare Advantage Medicare Plan (HMO),St Francis Health System & St John Health System,1,CommunityCare
2019,S1894,"COMMUNITYCARE GOVERNMENT PROGRAMS, INC.",CommunityCare Prescription Drug Plan (PDP),St Francis Health System & St John Health System,1,CommunityCare
2020,H3755,"COMMUNITYCARE GOVERNMENT PROGRAMS, INC.",CommunityCare Senior Health Plan (HMO),St Francis Health System & St John Health System,1,CommunityCare
2020,H4198,"COMMUNITYCARE GOVERNMENT PROGRAMS, INC.",CommunityCare Advantage Medicare Plan (HMO),St Francis Health System & St John Health System,1,CommunityCare
2020,S1894,"COMMUNITYCARE GOVERNMENT PROGRAMS, INC.",CommunityCare Prescription Drug Plan (PDP),St Francis Health System & St John Health System,1,CommunityCare
2015,H5264,"DEAN HEALTH PLAN, INC.","Dean Health Plan, Inc.",Dean Health Systems Inc.,1,Dean
2015,S9701,"DEAN HEALTH INSURANCE, INC.",Navitus MedicareRx,SSM Healthcare Corporation,1,Dean
2016,H5264,"DEAN HEALTH PLAN, INC.","Dean Health Plan, Inc.",SSM Healthcare Corporation,1,Dean
2016,H9096,"DEAN HEALTH PLAN, INC.",Dean Advantage,SSM Healthcare Corporation,1,Dean
2016,S9701,"DEAN HEALTH INSURANCE, INC.",Navitus MedicareRx,SSM Healthcare Corporation,1,Dean
2017,H5264,"DEAN HEALTH PLAN, INC.","Dean Health Plan, Inc.",SSM Healthcare Corporation,1,Dean
2017,H9096,"DEAN HEALTH PLAN, INC.",Dean Advantage,SSM Healthcare Corporation,1,Dean
2017,S9701,"DEAN HEALTH INSURANCE, INC.",Navitus MedicareRx,SSM Healthcare Corporation,1,Dean
2018,H5264,"DEAN HEALTH PLAN, INC.","Dean Health Plan, Inc.",SSM Healthcare Corporation,1,Dean
2018,H9096,"DEAN HEALTH PLAN, INC.","Dean Advantage, Prevea360 Medicare Advantage",SSM Healthcare Corporation,1,Dean
2018,S9701,"DEAN HEALTH INSURANCE, INC.",Navitus MedicareRx,SSM Healthcare Corporation,1,Dean
2019,H5264,"DEAN HEALTH PLAN, INC.","Dean Health Plan, Inc.",SSM Healthcare Corporation,1,Dean
2019,H9096,"DEAN HEALTH PLAN, INC.","Dean Advantage, Prevea360 Medicare Advantage",SSM Healthcare Corporation,1,Dean
2019,S9701,"DEAN HEALTH INSURANCE, INC.",Navitus MedicareRx,SSM Healthcare Corporation,1,Dean
2020,H5264,"DEAN HEALTH PLAN, INC.","Dean Health Plan, Inc.",SSM Healthcare Corporation,1,Dean
2020,H9096,"DEAN HEALTH PLAN, INC.","Dean Advantage, Prevea360 Medicare Advantage",SSM Healthcare Corporation,1,Dean
2020,S9701,"DEAN HEALTH INSURANCE, INC.",Navitus MedicareRx,SSM Healthcare Corporation,1,Dean
2015,H2005,"FALLON TOTAL CARE, INC.",Fallon Total Care or Fallon Health,Fallon Community Health Plan,1,Fallon
2015,H2219,FALLON COMMUNITY HEALTH PLAN,Summit ElderCare or Fallon Health,Fallon Community Health Plan,1,Fallon
2015,H2411,FALLON COMMUNITY HEALTH PLAN,Fallon Health,Fallon Community Health Plan,1,Fallon
2015,H2470,"FALLON HEALTH WEINBERG, INC",Fallon Health Weinberg,Fallon Community Health Plan,1,Fallon
2015,H9001,FALLON COMMUNITY HEALTH PLAN,Fallon Health,Fallon Community Health Plan,1,Fallon
2016,H2219,FALLON COMMUNITY HEALTH PLAN,Summit ElderCare or Fallon Health,Fallon Community Health Plan,1,Fallon
2016,H2411,FALLON COMMUNITY HEALTH PLAN,Fallon Health,Fallon Community Health Plan,1,Fallon
2016,H2470,"FALLON HEALTH WEINBERG, INC.",Fallon Health Weinberg,Fallon Community Health Plan,1,Fallon
2016,H6596,"FALLON HEALTH WEINBERG, INC.",Fallon Health Weinberg-PACE,Fallon Community Health Plan,1,Fallon
2016,H9001,FALLON COMMUNITY HEALTH PLAN,Fallon Health,Fallon Community Health Plan,1,Fallon
2017,H2219,FALLON COMMUNITY HEALTH PLAN,Summit ElderCare or Fallon Health,Fallon Community Health Plan,1,Fallon
2017,H2470,"FALLON HEALTH WEINBERG, INC.",Fallon Health Weinberg,Fallon Community Health Plan,1,Fallon
2017,H6596,"FALLON HEALTH WEINBERG, INC.",Fallon Health Weinberg-PACE,Fallon Community Health Plan,1,Fallon
2017,H9001,FALLON COMMUNITY HEALTH PLAN,Fallon Health,Fallon Community Health Plan,1,Fallon
2018,H2219,FALLON COMMUNITY HEALTH PLAN,Summit ElderCare or Fallon Health,Fallon Community Health Plan,1,Fallon
2018,H6596,"FALLON HEALTH WEINBERG, INC.",Fallon Health Weinberg-PACE,Fallon Community Health Plan,1,Fallon
2018,H9001,FALLON COMMUNITY HEALTH PLAN,Fallon Health,Fallon Community Health Plan,1,Fallon
2019,H2219,FALLON COMMUNITY HEALTH PLAN,Summit ElderCare or Fallon Health,Fallon Community Health Plan,1,Fallon
2019,H6596,"FALLON HEALTH WEINBERG, INC.",Fallon Health Weinberg-PACE,Fallon Community Health Plan,1,Fallon
2019,H9001,FALLON COMMUNITY HEALTH PLAN,Fallon Health,Fallon Community Health Plan,1,Fallon
2020,H2219,FALLON COMMUNITY HEALTH PLAN,Summit ElderCare or Fallon Health,Fallon Community Health Plan,1,Fallon
2020,H6596,"FALLON HEALTH WEINBERG, INC.",Fallon Health Weinberg-PACE,Fallon Community Health Plan,1,Fallon
2020,H9001,FALLON COMMUNITY HEALTH PLAN,Fallon Health,Fallon Community Health Plan,1,Fallon
2019,H2064,GEISINGER COMMUNITY HEALTH SERVICES,LIFE Geisinger,Geisinger Health,1,Geisinger
2019,H3924,GEISINGER INDEMNITY INSURANCE COMPANY,Geisinger Gold,Geisinger Health,1,Geisinger
2019,H3954,GEISINGER HEALTH PLAN,Geisinger Gold,Geisinger Health,1,Geisinger
2019,H7619,"ATLANTICARE HEALTH SERVICES, INC.",AtlantiCare LIFE Connection,Geisinger Health,1,Geisinger
2020,H2064,GEISINGER COMMUNITY HEALTH SERVICES,LIFE Geisinger,Geisinger Health,1,Geisinger
2020,H3924,GEISINGER INDEMNITY INSURANCE COMPANY,Geisinger Gold,Geisinger Health,1,Geisinger
2020,H3954,GEISINGER HEALTH PLAN,Geisinger Gold,Geisinger Health,1,Geisinger
2020,H7619,"ATLANTICARE HEALTH SERVICES, INC.",AtlantiCare LIFE Connection,Geisinger Health,1,Geisinger
2015,H2064,GEISINGER COMMUNITY HEALTH SERVICES,LIFE Geisinger,Geisinger Health System,1,Geisinger
2015,H2792,"GEISINGER QUALITY OPTIONS, INC.",Geisinger Gold,Geisinger Health System,1,Geisinger
2015,H3924,GEISINGER INDEMNITY INSURANCE COMPANY,Geisinger Gold,Geisinger Health System,1,Geisinger
2015,H3954,GEISINGER HEALTH PLAN,Geisinger Gold,Geisinger Health System,1,Geisinger
2015,H8468,GEISINGER INDEMNITY INSURANCE COMPANY,Geisinger Gold,Geisinger Health System,1,Geisinger
2015,H9412,"GEISINGER QUALITY OPTIONS, INC.",Geisinger Gold,Geisinger Health System,1,Geisinger
2016,H2064,GEISINGER COMMUNITY HEALTH SERVICES,LIFE Geisinger,Geisinger Health System,1,Geisinger
2016,H3924,GEISINGER INDEMNITY INSURANCE COMPANY,Geisinger Gold,Geisinger Health System,1,Geisinger
2016,H3954,GEISINGER HEALTH PLAN,Geisinger Gold,Geisinger Health System,1,Geisinger
2016,H9412,"GEISINGER QUALITY OPTIONS, INC.",Geisinger Gold,Geisinger Health System,1,Geisinger
2017,H2064,GEISINGER COMMUNITY HEALTH SERVICES,LIFE Geisinger,Geisinger Health System,1,Geisinger
2017,H3924,GEISINGER INDEMNITY INSURANCE COMPANY,Geisinger Gold,Geisinger Health System,1,Geisinger
2017,H3954,GEISINGER HEALTH PLAN,Geisinger Gold,Geisinger Health System,1,Geisinger
2018,H2064,GEISINGER COMMUNITY HEALTH SERVICES,LIFE Geisinger,Geisinger Health System,1,Geisinger
2018,H3924,GEISINGER INDEMNITY INSURANCE COMPANY,Geisinger Gold,Geisinger Health System,1,Geisinger
2018,H3954,GEISINGER HEALTH PLAN,Geisinger Gold,Geisinger Health System,1,Geisinger
2015,H2312,HEALTH ALLIANCE PLAN OF MICHIGAN,HAP Senior Plus,Henry Ford Health System,1,HAP
2015,H2318,CENTER FOR SENIOR INDEPENDENCE,PACE Southeast Michigan,Henry Ford Health System,1,HAP
2015,H2322,ALLIANCE HEALTH AND LIFE INSURANCE COMPANY,Alliance Medicare PPO,Henry Ford Health System,1,HAP
2015,H5685,"HAP MIDWEST HEALTH PLAN, INC.",HAP Midwest Advantage,Henry Ford Health System,1,HAP
2015,H9712,"HAP MIDWEST HEALTH PLAN, INC.",HAP Midwest MI Health Link,Henry Ford Health System,1,HAP
2015,S3440,ALLIANCE HEALTH AND LIFE INSURANCE COMPANY,Alliance Medicare Rx,Henry Ford Health System,1,HAP
2016,H2312,HEALTH ALLIANCE PLAN OF MICHIGAN,HAP Senior Plus,Henry Ford Health System,1,HAP
2016,H2318,PACE SOUTHEAST MICHIGAN,PACE Southeast Michigan,Henry Ford Health System,1,HAP
2016,H2322,ALLIANCE HEALTH AND LIFE INSURANCE COMPANY,Alliance Medicare PPO,Henry Ford Health System,1,HAP
2016,H2354,HEALTH ALLIANCE PLAN OF MICHIGAN,HAP Senior Plus,Henry Ford Health System,1,HAP
2016,H5685,"HAP MIDWEST HEALTH PLAN, INC.",HAP Midwest Advantage,Henry Ford Health System,1,HAP
2016,H9712,"HAP MIDWEST HEALTH PLAN, INC.",HAP Midwest MI Health Link,Henry Ford Health System,1,HAP
2017,H2318,PACE SOUTHEAST MICHIGAN,PACE Southeast Michigan,Henry Ford Health System,1,HAP
2017,H2322,ALLIANCE HEALTH AND LIFE INSURANCE COMPANY,HAP Senior Plus (PPO),Henry Ford Health System,1,HAP
2017,H2354,HEALTH ALLIANCE PLAN OF MICHIGAN,HAP Senior Plus,Henry Ford Health System,1,HAP
2017,H5685,"HAP MIDWEST HEALTH PLAN, INC.",HAP Midwest Advantage,Henry Ford Health System,1,HAP
2017,H9712,"HAP MIDWEST HEALTH PLAN, INC.",HAP Midwest MI Health Link,Henry Ford Health System,1,HAP
2018,H2318,PACE SOUTHEAST MICHIGAN,PACE Southeast Michigan,Henry Ford Health System,1,HAP
2018,H2322,ALLIANCE HEALTH AND LIFE INSURANCE COMPANY,HAP Senior Plus (PPO),Henry Ford Health System,1,HAP
2018,H2354,HEALTH ALLIANCE PLAN OF MICHIGAN,HAP Senior Plus,Henry Ford Health System,1,HAP
2018,H9712,"HAP MIDWEST HEALTH PLAN, INC.",HAP Midwest MI Health Link,Henry Ford Health System,1,HAP
2019,H2318,PACE SOUTHEAST MICHIGAN,PACE Southeast Michigan,Henry Ford Health System,1,HAP
2019,H2322,ALLIANCE HEALTH AND LIFE INSURANCE COMPANY,HAP Senior Plus (PPO),Henry Ford Health System,1,HAP
2019,H2354,HEALTH ALLIANCE PLAN OF MICHIGAN,HAP Senior Plus,Henry Ford Health System,1,HAP
2019,H9712,"HAP MIDWEST HEALTH PLAN, INC.",HAP Empowered MI Health Link,Henry Ford Health System,1,HAP
2020,H2318,PACE SOUTHEAST MICHIGAN,PACE Southeast Michigan,Henry Ford Health System,1,HAP
2020,H2322,ALLIANCE HEALTH AND LIFE INSURANCE COMPANY,HAP Senior Plus (PPO),Henry Ford Health System,1,HAP
2020,H2354,HEALTH ALLIANCE PLAN OF MICHIGAN,HAP Senior Plus,Henry Ford Health System,1,HAP
2020,H9712,"HAP EMPOWERED HEALTH PLAN, INC.",HAP Empowered MI Health Link,Henry Ford Health System,1,HAP
2015,H1660,HARVARD PILGRIM HEALTH CARE INC.,"Harvard Pilgrim Health Care, Inc.","Harvard Pilgrim Health Care, Inc.",1,HarvardPilgrim
2015,H6750,"HARVARD PILGRIM HEALTH CARE OF NEW ENGLAND, INC.","Harvard Pilgrim Health Care of New England, Inc.","Harvard Pilgrim Health Care, Inc.",1,HarvardPilgrim
2016,H1660,HARVARD PILGRIM HEALTH CARE INC.,"Harvard Pilgrim Health Care, Inc.","Harvard Pilgrim Health Care, Inc.",1,HarvardPilgrim
2016,H6750,"HARVARD PILGRIM HEALTH CARE OF NEW ENGLAND, INC.","Harvard Pilgrim Health Care of New England, Inc.","Harvard Pilgrim Health Care, Inc.",1,HarvardPilgrim
2017,H1660,HARVARD PILGRIM HEALTH CARE INC.,"Harvard Pilgrim Health Care, Inc.","Harvard Pilgrim Health Care, Inc.",1,HarvardPilgrim
2017,H6750,"HARVARD PILGRIM HEALTH CARE OF NEW ENGLAND, INC.","Harvard Pilgrim Health Care of New England, Inc.","Harvard Pilgrim Health Care, Inc.",1,HarvardPilgrim
2018,H1660,HARVARD PILGRIM HEALTH CARE INC.,"Harvard Pilgrim Health Care, Inc.","Harvard Pilgrim Health Care, Inc.",1,HarvardPilgrim
2018,H6750,"HARVARD PILGRIM HEALTH CARE OF NEW ENGLAND, INC.","Harvard Pilgrim Health Care of New England, Inc.","Harvard Pilgrim Health Care, Inc.",1,HarvardPilgrim
2019,H1660,HARVARD PILGRIM HEALTH CARE INC.,"Harvard Pilgrim Health Care, Inc.","Harvard Pilgrim Health Care, Inc.",1,HarvardPilgrim
2019,H6750,"HARVARD PILGRIM HEALTH CARE OF NEW ENGLAND, INC.","Harvard Pilgrim Health Care of New England, Inc.","Harvard Pilgrim Health Care, Inc.",1,HarvardPilgrim
2020,H1660,HARVARD PILGRIM HEALTH CARE INC.,"Harvard Pilgrim Health Care, Inc.","Harvard Pilgrim Health Care, Inc.",1,HarvardPilgrim
2020,H6750,"HARVARD PILGRIM HEALTH CARE OF NEW ENGLAND, INC.","Harvard Pilgrim Health Care of New England, Inc.","Harvard Pilgrim Health Care, Inc.",1,HarvardPilgrim
2015,H6306,FIRSTCAROLINACARE INSURANCE COMPANY,FirstCarolinaCare Insurance Company,"FirstHealth of the Carolinas, Inc.",1,HealthAlliance
2015,H8064,FIRSTCAROLINACARE INSURANCE COMPANY,FirstCarolinaCare Insurance Company,"FirstHealth of the Carolinas, Inc.",1,HealthAlliance
2016,H6306,FIRSTCAROLINACARE INSURANCE COMPANY,FirstMedicare Direct,"FirstHealth of the Carolinas, Inc.",1,HealthAlliance
2016,H8064,FIRSTCAROLINACARE INSURANCE COMPANY,FirstMedicare Direct,"FirstHealth of the Carolinas, Inc.",1,HealthAlliance
2017,H6306,FIRSTCAROLINACARE INSURANCE COMPANY,FirstMedicare Direct,"FirstHealth of the Carolinas, Inc.",1,HealthAlliance
2017,H8064,FIRSTCAROLINACARE INSURANCE COMPANY,FirstMedicare Direct,"FirstHealth of the Carolinas, Inc.",1,HealthAlliance
2018,H6306,FIRSTCAROLINACARE INSURANCE COMPANY,FirstMedicare Direct,"FirstHealth of the Carolinas, Inc.",1,HealthAlliance
2018,H8064,FIRSTCAROLINACARE INSURANCE COMPANY,FirstMedicare Direct,"FirstHealth of the Carolinas, Inc.",1,HealthAlliance
2019,H6306,FIRSTCAROLINACARE INSURANCE COMPANY,FirstMedicare Direct,"FirstHealth of the Carolinas, Inc.",1,HealthAlliance
2019,H8064,FIRSTCAROLINACARE INSURANCE COMPANY,FirstMedicare Direct,"FirstHealth of the Carolinas, Inc.",1,HealthAlliance
2015,H0773,HEALTH ALLIANCE CONNECT,Health Alliance Connect,The Carle Foundation,1,HealthAlliance
2015,H1417,"HEALTH ALLIANCE CONNECT, INC.",Health Alliance Medicare,The Carle Foundation,1,HealthAlliance
2015,H1463,"HEALTH ALLIANCE CONNECT, INC.",Health Alliance Medicare,The Carle Foundation,1,HealthAlliance
2015,H1737,"HEALTH ALLIANCE - MIDWEST, INC.",Health Alliance Medicare,The Carle Foundation,1,HealthAlliance
2015,H2591,"HEALTH ALLIANCE - MIDWEST, INC.",Health Alliance Medicare,The Carle Foundation,1,HealthAlliance
2015,H3471,"HEALTH ALLIANCE NORTHWEST HEALTH PLAN, INC.",Health Alliance Medicare,The Carle Foundation,1,HealthAlliance
2015,H9689,"HEALTH ALLIANCE CONNECT, INC.",Health Alliance Medicare,The Carle Foundation,1,HealthAlliance
2015,S4219,HEALTH ALLIANCE MEDICAL PLANS,Health Alliance Medicare Prescription Plan,The Carle Foundation,1,HealthAlliance
2016,H1417,"HEALTH ALLIANCE CONNECT, INC.",Health Alliance Medicare,The Carle Foundation,1,HealthAlliance
2016,H1463,"HEALTH ALLIANCE CONNECT, INC.",Health Alliance Medicare,The Carle Foundation,1,HealthAlliance
2016,H1737,"HEALTH ALLIANCE - MIDWEST, INC.",Health Alliance Medicare,The Carle Foundation,1,HealthAlliance
2016,H2591,"HEALTH ALLIANCE - MIDWEST, INC.",Health Alliance Medicare,The Carle Foundation,1,HealthAlliance
2016,H3471,"HEALTH ALLIANCE NORTHWEST HEALTH PLAN, INC.",Health Alliance Medicare,The Carle Foundation,1,HealthAlliance
2016,H9689,"HEALTH ALLIANCE CONNECT, INC.",Health Alliance Medicare,The Carle Foundation,1,HealthAlliance
2016,S4219,HEALTH ALLIANCE MEDICAL PLANS,Health Alliance Medicare Prescription Plan,The Carle Foundation,1,HealthAlliance
2017,H1463,"HEALTH ALLIANCE CONNECT, INC.",Health Alliance Medicare,The Carle Foundation,1,HealthAlliance
2017,H1737,"HEALTH ALLIANCE - MIDWEST, INC.",Health Alliance Medicare,The Carle Foundation,1,HealthAlliance
2017,H2591,"HEALTH ALLIANCE - MIDWEST, INC.",Health Alliance Medicare,The Carle Foundation,1,HealthAlliance
2017,H3471,HEALTH ALLIANCE NORTHWEST HEALTH PLAN,Health Alliance Northwest,The Carle Foundation,1,HealthAlliance
2017,S4219,HEALTH ALLIANCE MEDICAL PLANS,Health Alliance Medicare Prescription Plan,The Carle Foundation,1,HealthAlliance
2018,H1463,"HEALTH ALLIANCE CONNECT, INC.",Health Alliance Medicare,The Carle Foundation,1,HealthAlliance
2018,H1737,"HEALTH ALLIANCE - MIDWEST, INC.",Health Alliance Medicare,The Carle Foundation,1,HealthAlliance
2018,H2591,"HEALTH ALLIANCE - MIDWEST, INC.",Health Alliance Medicare,The Carle Foundation,1,HealthAlliance
2018,H3471,HEALTH ALLIANCE NORTHWEST HEALTH PLAN,Health Alliance Northwest,The Carle Foundation,1,HealthAlliance
2018,S4219,HEALTH ALLIANCE MEDICAL PLANS,Health Alliance Medicare Prescription Plan,The Carle Foundation,1,HealthAlliance
2019,H1463,"HEALTH ALLIANCE CONNECT, INC.",Health Alliance Medicare,The Carle Foundation,1,HealthAlliance
2019,H1737,"HEALTH ALLIANCE - MIDWEST, INC.",Health Alliance Medicare,The Carle Foundation,1,HealthAlliance
2019,H2591,"HEALTH ALLIANCE - MIDWEST, INC.",Health Alliance Medicare,The Carle Foundation,1,HealthAlliance
2019,H3471,HEALTH ALLIANCE NORTHWEST HEALTH PLAN,Health Alliance Northwest,The Carle Foundation,1,HealthAlliance
2019,S4219,HEALTH ALLIANCE MEDICAL PLANS,Health Alliance Medicare Prescription Plan,The Carle Foundation,1,HealthAlliance
2020,H1463,"HEALTH ALLIANCE CONNECT, INC.",Health Alliance Medicare,The Carle Foundation,1,HealthAlliance
2020,H1737,"HEALTH ALLIANCE - MIDWEST, INC.",Health Alliance Medicare,The Carle Foundation,1,HealthAlliance
2020,H2591,"HEALTH ALLIANCE - MIDWEST, INC.",Health Alliance Medicare,The Carle Foundation,1,HealthAlliance
2020,H3471,HEALTH ALLIANCE NORTHWEST HEALTH PLAN,Health Alliance Northwest,The Carle Foundation,1,HealthAlliance
2020,H6306,FIRSTCAROLINACARE INSURANCE COMPANY,FirstMedicare Direct,The Carle Foundation,1,HealthAlliance
2020,H8064,FIRSTCAROLINACARE INSURANCE COMPANY,FirstMedicare Direct,The Carle Foundation,1,HealthAlliance
2020,S4219,HEALTH ALLIANCE MEDICAL PLANS,Health Alliance Medicare Prescription Plan,The Carle Foundation,1,HealthAlliance
2017,H3416,"HEALTHPARTNERS UNITYPOINT HEALTH, INC.",HealthPartners UnityPoint Health,"HealthPartners UnityPoint Health, Inc.",1,HealthPartners
2018,H3416,"HEALTHPARTNERS UNITYPOINT HEALTH, INC.",HealthPartners UnityPoint Health,"HealthPartners UnityPoint Health, Inc.",1,HealthPartners
2019,H3416,"HEALTHPARTNERS UNITYPOINT HEALTH, INC.",HealthPartners UnityPoint Health,"HealthPartners UnityPoint Health, Inc.",1,HealthPartners
2020,H3416,"HEALTHPARTNERS UNITYPOINT HEALTH, INC.",HealthPartners UnityPoint Health,"HealthPartners UnityPoint Health, Inc.",1,HealthPartners
2015,H2422,"HEALTHPARTNERS, INC.",HealthPartners,"HealthPartners, Inc.",1,HealthPartners
2015,H2462,"GROUP HEALTH PLAN, INC. (MN)",HealthPartners,"HealthPartners, Inc.",1,HealthPartners
2015,S1822,"HEALTHPARTNERS, INC.",HealthPartners National PDP,"HealthPartners, Inc.",1,HealthPartners
2016,H2422,"HEALTHPARTNERS, INC.",HealthPartners,"HealthPartners, Inc.",1,HealthPartners
2016,H2462,"GROUP HEALTH PLAN, INC. (MN)",HealthPartners,"HealthPartners, Inc.",1,HealthPartners
2016,S1822,"HEALTHPARTNERS, INC.",HealthPartners National PDP,"HealthPartners, Inc.",1,HealthPartners
2017,H2422,"HEALTHPARTNERS, INC.",HealthPartners,"HealthPartners, Inc.",1,HealthPartners
2017,H2462,"GROUP HEALTH PLAN, INC. (MN)",HealthPartners,"HealthPartners, Inc.",1,HealthPartners
2017,S1822,"HEALTHPARTNERS, INC.",HealthPartners National PDP,"HealthPartners, Inc.",1,HealthPartners
2018,H2422,"HEALTHPARTNERS, INC.",HealthPartners,"HealthPartners, Inc.",1,HealthPartners
2018,H2462,"GROUP HEALTH PLAN, INC. (MN)",HealthPartners,"HealthPartners, Inc.",1,HealthPartners
2018,H4882,"HEALTHPARTNERS, INC.",HealthPartners,"HealthPartners, Inc.",1,HealthPartners
2018,S1822,"HEALTHPARTNERS, INC.",HealthPartners,"HealthPartners, Inc.",1,HealthPartners
2019,H2422,"HEALTHPARTNERS, INC.",HealthPartners,"HealthPartners, Inc.",1,HealthPartners
2019,H2462,"GROUP HEALTH PLAN, INC. (MN)",HealthPartners,"HealthPartners, Inc.",1,HealthPartners
2019,H4882,"HEALTHPARTNERS, INC.",HealthPartners,"HealthPartners, Inc.",1,HealthPartners
2019,S1822,"HEALTHPARTNERS, INC.",HealthPartners,"HealthPartners, Inc.",1,HealthPartners
2020,H2422,"HEALTHPARTNERS, INC.",HealthPartners,"HealthPartners, Inc.",1,HealthPartners
2020,H2462,"GROUP HEALTH PLAN, INC. (MN)",HealthPartners,"HealthPartners, Inc.",1,HealthPartners
2020,H4882,"HEALTHPARTNERS, INC.",HealthPartners,"HealthPartners, Inc.",1,HealthPartners
2020,S1822,"HEALTHPARTNERS, INC.",HealthPartners,"HealthPartners, Inc.",1,HealthPartners
2015,H3344,INDEPENDENT HEALTH BENEFITS CORPORATION,Independent Health,"Independent Health Association, Inc.",1,Independent
2015,H3362,"INDEPENDENT HEALTH ASSOCIATION, INC.",Independent Health,"Independent Health Association, Inc.",1,Independent
2015,S4501,INDEPENDENT HEALTH BENEFITS CORPORATION,Independent Healths Medicare Retiree Rx PDP,"Independent Health Association, Inc.",1,Independent
2016,H3344,INDEPENDENT HEALTH BENEFITS CORPORATION,Independent Health,"Independent Health Association, Inc.",1,Independent
2016,H3362,"INDEPENDENT HEALTH ASSOCIATION, INC.",Independent Health,"Independent Health Association, Inc.",1,Independent
2016,S4501,INDEPENDENT HEALTH BENEFITS CORPORATION,Pharmacy Benefit Dimensions PDP,"Independent Health Association, Inc.",1,Independent
2017,H3344,INDEPENDENT HEALTH BENEFITS CORPORATION,Independent Health,"Independent Health Association, Inc.",1,Independent
2017,H3362,"INDEPENDENT HEALTH ASSOCIATION, INC.",Independent Health,"Independent Health Association, Inc.",1,Independent
2017,S4501,INDEPENDENT HEALTH BENEFITS CORPORATION,Pharmacy Benefit Dimensions PDP,"Independent Health Association, Inc.",1,Independent
2018,H3344,INDEPENDENT HEALTH BENEFITS CORPORATION,Independent Health,"Independent Health Association, Inc.",1,Independent
2018,H3362,"INDEPENDENT HEALTH ASSOCIATION, INC.",Independent Health,"Independent Health Association, Inc.",1,Independent
2018,S4501,INDEPENDENT HEALTH BENEFITS CORPORATION,Pharmacy Benefit Dimensions PDP,"Independent Health Association, Inc.",1,Independent
2019,H3344,INDEPENDENT HEALTH BENEFITS CORPORATION,Independent Health,"Independent Health Association, Inc.",1,Independent
2019,H3362,"INDEPENDENT HEALTH ASSOCIATION, INC.",Independent Health,"Independent Health Association, Inc.",1,Independent
2019,S4501,INDEPENDENT HEALTH BENEFITS CORPORATION,Pharmacy Benefit Dimensions PDP,"Independent Health Association, Inc.",1,Independent
2020,H3344,INDEPENDENT HEALTH BENEFITS CORPORATION,Independent Health,"Independent Health Association, Inc.",1,Independent
2020,H3362,"INDEPENDENT HEALTH ASSOCIATION, INC.",Independent Health,"Independent Health Association, Inc.",1,Independent
2020,S4501,INDEPENDENT HEALTH BENEFITS CORPORATION,Pharmacy Benefit Dimensions PDP,"Independent Health Association, Inc.",1,Independent
2015,H0524,"KAISER FOUNDATION HP, INC.",Kaiser Permanente,"Kaiser Foundation Health Plan, Inc.",1,Kaiser
2015,H0630,KAISER FOUNDATION HP OF CO,Kaiser Permanente,"Kaiser Foundation Health Plan, Inc.",1,Kaiser
2015,H1170,"KAISER FOUNDATION HP OF GA, INC.",Kaiser Permanente,"Kaiser Foundation Health Plan, Inc.",1,Kaiser
2015,H1230,"KAISER FOUNDATION HP, INC.",Kaiser Permanente,"Kaiser Foundation Health Plan, Inc.",1,Kaiser
2015,H2150,KAISER FNDN HP OF THE MID-ATLANTIC STS,Kaiser Permanente,"Kaiser Foundation Health Plan, Inc.",1,Kaiser
2015,H6050,"KAISER FOUNDATION HP, INC.",Kaiser Permanente Medicare Cost,"Kaiser Foundation Health Plan, Inc.",1,Kaiser
2015,H6052,"KAISER FOUNDATION HP, INC.",Kaiser Permanente Medicare Cost,"Kaiser Foundation Health Plan, Inc.",1,Kaiser
2015,H9003,KAISER FOUNDATION HP OF THE N W,Kaiser Permanente,"Kaiser Foundation Health Plan, Inc.",1,Kaiser
2016,H0524,"KAISER FOUNDATION HP, INC.",Kaiser Permanente,"Kaiser Foundation Health Plan, Inc.",1,Kaiser
2016,H0630,KAISER FOUNDATION HP OF CO,Kaiser Permanente,"Kaiser Foundation Health Plan, Inc.",1,Kaiser
2016,H1170,"KAISER FOUNDATION HP OF GA, INC.",Kaiser Permanente,"Kaiser Foundation Health Plan, Inc.",1,Kaiser
2016,H1230,"KAISER FOUNDATION HP, INC.",Kaiser Permanente,"Kaiser Foundation Health Plan, Inc.",1,Kaiser
2016,H2150,KAISER FNDN HP OF THE MID-ATLANTIC STS,Kaiser Permanente,"Kaiser Foundation Health Plan, Inc.",1,Kaiser
2016,H6050,"KAISER FOUNDATION HP, INC.",Kaiser Permanente Medicare Cost,"Kaiser Foundation Health Plan, Inc.",1,Kaiser
2016,H6052,"KAISER FOUNDATION HP, INC.",Kaiser Permanente Medicare Cost,"Kaiser Foundation Health Plan, Inc.",1,Kaiser
2016,H9003,KAISER FOUNDATION HP OF THE N W,Kaiser Permanente,"Kaiser Foundation Health Plan, Inc.",1,Kaiser
2017,H0524,"KAISER FOUNDATION HP, INC.",Kaiser Permanente,"Kaiser Foundation Health Plan, Inc.",1,Kaiser
2017,H0630,KAISER FOUNDATION HP OF CO,Kaiser Permanente,"Kaiser Foundation Health Plan, Inc.",1,Kaiser
2017,H1170,"KAISER FOUNDATION HP OF GA, INC.",Kaiser Permanente,"Kaiser Foundation Health Plan, Inc.",1,Kaiser
2017,H1230,"KAISER FOUNDATION HP, INC.",Kaiser Permanente,"Kaiser Foundation Health Plan, Inc.",1,Kaiser
2017,H2150,KAISER FNDN HP OF THE MID-ATLANTIC STS,Kaiser Permanente,"Kaiser Foundation Health Plan, Inc.",1,Kaiser
2017,H5050,KAISER FOUNDATION HEALTH PLAN OF WASHINGTON,Kaiser Foundation Health Plan of Washington,"Kaiser Foundation Health Plan, Inc.",1,Kaiser
2017,H6050,"KAISER FOUNDATION HP, INC.",Kaiser Permanente Medicare Cost,"Kaiser Foundation Health Plan, Inc.",1,Kaiser
2017,H6052,"KAISER FOUNDATION HP, INC.",Kaiser Permanente Medicare Cost,"Kaiser Foundation Health Plan, Inc.",1,Kaiser
2017,H9003,KAISER FOUNDATION HP OF THE N W,Kaiser Permanente,"Kaiser Foundation Health Plan, Inc.",1,Kaiser
2018,H0524,"KAISER FOUNDATION HP, INC.",Kaiser Permanente,"Kaiser Foundation Health Plan, Inc.",1,Kaiser
2018,H0630,KAISER FOUNDATION HP OF CO,Kaiser Permanente,"Kaiser Foundation Health Plan, Inc.",1,Kaiser
2018,H1170,"KAISER FOUNDATION HP OF GA, INC.",Kaiser Permanente,"Kaiser Foundation Health Plan, Inc.",1,Kaiser
2018,H1230,"KAISER FOUNDATION HP, INC.",Kaiser Permanente,"Kaiser Foundation Health Plan, Inc.",1,Kaiser
2018,H2150,KAISER FNDN HP OF THE MID-ATLANTIC STS,Kaiser Permanente,"Kaiser Foundation Health Plan, Inc.",1,Kaiser
2018,H2172,KAISER FDTN HLTH PLAN OF THE MID-ATLANTIC STATES,Kaiser Permanente,"Kaiser Foundation Health Plan, Inc.",1,Kaiser
2018,H5050,KAISER FOUNDATION HEALTH PLAN OF WASHINGTON,Kaiser Foundation Health Plan of Washington,"Kaiser Foundation Health Plan, Inc.",1,Kaiser
2018,H6050,"KAISER FOUNDATION HP, INC.",Kaiser Permanente Medicare Cost,"Kaiser Foundation Health Plan, Inc.",1,Kaiser
2018,H6052,"KAISER FOUNDATION HP, INC.",Kaiser Permanente Medicare Cost,"Kaiser Foundation Health Plan, Inc.",1,Kaiser
2018,H9003,KAISER FOUNDATION HP OF THE N W,Kaiser Permanente,"Kaiser Foundation Health Plan, Inc.",1,Kaiser
2019,H0524,"KAISER FOUNDATION HP, INC.",Kaiser Permanente,"Kaiser Foundation Health Plan, Inc.",1,Kaiser
2019,H0630,KAISER FOUNDATION HP OF CO,Kaiser Permanente,"Kaiser Foundation Health Plan, Inc.",1,Kaiser
2019,H1170,"KAISER FOUNDATION HP OF GA, INC.",Kaiser Permanente,"Kaiser Foundation Health Plan, Inc.",1,Kaiser
2019,H1230,"KAISER FOUNDATION HP, INC.",Kaiser Permanente,"Kaiser Foundation Health Plan, Inc.",1,Kaiser
2019,H2150,KAISER FNDN HP OF THE MID-ATLANTIC STS,Kaiser Permanente,"Kaiser Foundation Health Plan, Inc.",1,Kaiser
2019,H2172,KAISER FDTN HLTH PLAN OF THE MID-ATLANTIC STATES,Kaiser Permanente,"Kaiser Foundation Health Plan, Inc.",1,Kaiser
2019,H5050,KAISER FOUNDATION HEALTH PLAN OF WASHINGTON,Kaiser Foundation Health Plan of Washington,"Kaiser Foundation Health Plan, Inc.",1,Kaiser
2019,H9003,KAISER FOUNDATION HP OF THE N W,Kaiser Permanente,"Kaiser Foundation Health Plan, Inc.",1,Kaiser
2020,H0524,"KAISER FOUNDATION HP, INC.",Kaiser Permanente,"Kaiser Foundation Health Plan, Inc.",1,Kaiser
2020,H0630,KAISER FOUNDATION HP OF CO,Kaiser Permanente,"Kaiser Foundation Health Plan, Inc.",1,Kaiser
2020,H1170,"KAISER FOUNDATION HP OF GA, INC.",Kaiser Permanente,"Kaiser Foundation Health Plan, Inc.",1,Kaiser
2020,H1230,"KAISER FOUNDATION HP, INC.",Kaiser Permanente,"Kaiser Foundation Health Plan, Inc.",1,Kaiser
2020,H2150,KAISER FNDN HP OF THE MID-ATLANTIC STS,Kaiser Permanente,"Kaiser Foundation Health Plan, Inc.",1,Kaiser
2020,H2172,KAISER FDTN HLTH PLAN OF THE MID-ATLANTIC STATES,Kaiser Permanente,"Kaiser Foundation Health Plan, Inc.",1,Kaiser
2020,H5050,KAISER FOUNDATION HEALTH PLAN OF WASHINGTON,Kaiser Foundation Health Plan of Washington,"Kaiser Foundation Health Plan, Inc.",1,Kaiser
2020,H9003,KAISER FOUNDATION HP OF THE N W,Kaiser Permanente,"Kaiser Foundation Health Plan, Inc.",1,Kaiser
2015,H1365,"MARTIN'S POINT GENERATIONS, LLC",Martin's Point Generations Advantage,"Martin's Point Health Care, Inc.",1,MartinsPoint
2015,H5591,"MARTIN'S POINT GENERATIONS, LLC",Martin's Point Generations Advantage,"Martin's Point Health Care, Inc.",1,MartinsPoint
2016,H1365,"MARTIN'S POINT GENERATIONS ADVANTAGE, INC.",Martin's Point Generations Advantage,"Martin's Point Health Care, Inc.",1,MartinsPoint
2016,H5591,"MARTIN'S POINT GENERATIONS ADVANTAGE, INC.",Martin's Point Generations Advantage,"Martin's Point Health Care, Inc.",1,MartinsPoint
2017,H1365,"MARTIN'S POINT GENERATIONS ADVANTAGE, INC.",Martin's Point Generations Advantage,"Martin's Point Health Care, Inc.",1,MartinsPoint
2017,H5591,"MARTIN'S POINT GENERATIONS ADVANTAGE, INC.",Martin's Point Generations Advantage,"Martin's Point Health Care, Inc.",1,MartinsPoint
2018,H1365,"MARTIN'S POINT GENERATIONS ADVANTAGE, INC.",Martin's Point Generations Advantage,"Martin's Point Health Care, Inc.",1,MartinsPoint
2018,H5591,"MARTIN'S POINT GENERATIONS ADVANTAGE, INC.",Martin's Point Generations Advantage,"Martin's Point Health Care, Inc.",1,MartinsPoint
2019,H1365,"MARTIN'S POINT GENERATIONS ADVANTAGE, INC.",Martin's Point Generations Advantage,"Martin's Point Health Care, Inc.",1,MartinsPoint
2019,H5591,"MARTIN'S POINT GENERATIONS ADVANTAGE, INC.",Martin's Point Generations Advantage,"Martin's Point Health Care, Inc.",1,MartinsPoint
2019,R0802,"MARTIN'S POINT GENERATIONS ADVANTAGE, INC.",Martin's Point Generations Advantage,"Martin's Point Health Care, Inc.",1,MartinsPoint
2020,H1365,"MARTIN'S POINT GENERATIONS ADVANTAGE, INC.",Martin's Point Generations Advantage,"Martin's Point Health Care, Inc.",1,MartinsPoint
2020,H5591,"MARTIN'S POINT GENERATIONS ADVANTAGE, INC.",Martin's Point Generations Advantage,"Martin's Point Health Care, Inc.",1,MartinsPoint
2020,R0802,"MARTIN'S POINT GENERATIONS ADVANTAGE, INC.",Martin's Point Generations Advantage,"Martin's Point Health Care, Inc.",1,MartinsPoint
2019,H3864,PACIFICSOURCE COMMUNITY HEALTH PLANS,PacificSource Medicare,PacificSource,1,PacificSource
2019,H4754,PACIFICSOURCE COMMUNITY HEALTH PLANS,PacificSource Medicare,PacificSource,1,PacificSource
2020,H3864,PACIFICSOURCE COMMUNITY HEALTH PLANS,PacificSource Medicare,PacificSource,1,PacificSource
2020,H4754,PACIFICSOURCE COMMUNITY HEALTH PLANS,PacificSource Medicare,PacificSource,1,PacificSource
2015,H3864,PACIFICSOURCE COMMUNITY HEALTH PLANS,PacificSource Medicare,PacificSource Health Plans,1,PacificSource
2015,H4754,PACIFICSOURCE COMMUNITY HEALTH PLANS,PacificSource Medicare,PacificSource Health Plans,1,PacificSource
2016,H3864,PACIFICSOURCE COMMUNITY HEALTH PLANS,PacificSource Medicare,PacificSource Health Plans,1,PacificSource
2016,H4754,PACIFICSOURCE COMMUNITY HEALTH PLANS,PacificSource Medicare,PacificSource Health Plans,1,PacificSource
2017,H3864,PACIFICSOURCE COMMUNITY HEALTH PLANS,PacificSource Medicare,PacificSource Health Plans,1,PacificSource
2017,H4754,PACIFICSOURCE COMMUNITY HEALTH PLANS,PacificSource Medicare,PacificSource Health Plans,1,PacificSource
2018,H3864,PACIFICSOURCE COMMUNITY HEALTH PLANS,PacificSource Medicare,PacificSource Health Plans,1,PacificSource
2018,H4754,PACIFICSOURCE COMMUNITY HEALTH PLANS,PacificSource Medicare,PacificSource Health Plans,1,PacificSource
2015,H3204,PRESBYTERIAN HEALTH PLAN,Presbyterian Senior Care (HMO),Presbyterian Healthcare Services,1,Presbyterian
2015,H3206,"PRESBYTERIAN INSURANCE COMPANY, INC.",Presbyterian MediCare PPO,Presbyterian Healthcare Services,1,Presbyterian
2016,H3204,PRESBYTERIAN HEALTH PLAN,Presbyterian Senior Care (HMO),Presbyterian Healthcare Services,1,Presbyterian
2016,H3206,"PRESBYTERIAN INSURANCE COMPANY, INC.",Presbyterian MediCare PPO,Presbyterian Healthcare Services,1,Presbyterian
2017,H3204,PRESBYTERIAN HEALTH PLAN,Presbyterian Health Plan,Presbyterian Healthcare Services,1,Presbyterian
2017,H3206,"PRESBYTERIAN INSURANCE COMPANY, INC.","Presbyterian Insurance Company, Inc.",Presbyterian Healthcare Services,1,Presbyterian
2018,H3204,PRESBYTERIAN HEALTH PLAN,Presbyterian Health Plan,Presbyterian Healthcare Services,1,Presbyterian
2018,H3206,"PRESBYTERIAN INSURANCE COMPANY, INC.","Presbyterian Insurance Company, Inc.",Presbyterian Healthcare Services,1,Presbyterian
2019,H3204,PRESBYTERIAN HEALTH PLAN,Presbyterian Health Plan,Presbyterian Healthcare Services,1,Presbyterian
2019,H3206,"PRESBYTERIAN INSURANCE COMPANY, INC.","Presbyterian Insurance Company, Inc.",Presbyterian Healthcare Services,1,Presbyterian
2020,H3204,PRESBYTERIAN HEALTH PLAN,Presbyterian Health Plan,Presbyterian Healthcare Services,1,Presbyterian
2020,H3206,"PRESBYTERIAN INSURANCE COMPANY, INC.","Presbyterian Insurance Company, Inc.",Presbyterian Healthcare Services,1,Presbyterian
2015,H2320,PRIORITY HEALTH,Priority Health Medicare,Spectrum Health System,1,PriorityHealth
2015,H4875,PRIORITY HEALTH,Priority Health Medicare,Spectrum Health System,1,PriorityHealth
2015,S5857,PRIORITY HEALTH INSURANCE COMPANY,Priority Health Medicare,Spectrum Health System,1,PriorityHealth
2016,H2320,PRIORITY HEALTH,Priority Health Medicare,Spectrum Health System,1,PriorityHealth
2016,H4875,PRIORITY HEALTH,Priority Health Medicare,Spectrum Health System,1,PriorityHealth
2016,S5857,PRIORITY HEALTH INSURANCE COMPANY,Priority Health Medicare,Spectrum Health System,1,PriorityHealth
2017,H2320,PRIORITY HEALTH,Priority Health Medicare,Spectrum Health System,1,PriorityHealth
2017,H4875,PRIORITY HEALTH,Priority Health Medicare,Spectrum Health System,1,PriorityHealth
2017,S5857,PRIORITY HEALTH INSURANCE COMPANY,Priority Health Medicare,Spectrum Health System,1,PriorityHealth
2018,H2320,PRIORITY HEALTH,Priority Health Medicare,Spectrum Health System,1,PriorityHealth
2018,H4875,PRIORITY HEALTH,Priority Health Medicare,Spectrum Health System,1,PriorityHealth
2018,S5857,PRIORITY HEALTH INSURANCE COMPANY,Priority Health Medicare,Spectrum Health System,1,PriorityHealth
2019,H2320,PRIORITY HEALTH,Priority Health Medicare,Spectrum Health System,1,PriorityHealth
2019,H4875,PRIORITY HEALTH,Priority Health Medicare,Spectrum Health System,1,PriorityHealth
2019,S5857,PRIORITY HEALTH INSURANCE COMPANY,Priority Health Medicare,Spectrum Health System,1,PriorityHealth
2020,H2320,PRIORITY HEALTH,Priority Health Medicare,Spectrum Health System,1,PriorityHealth
2020,H4875,PRIORITY HEALTH,Priority Health Medicare,Spectrum Health System,1,PriorityHealth
2020,H8379,"PRIORITY HEALTH CHOICE, INC.",Priority Health Medicare,Spectrum Health System,1,PriorityHealth
2020,S5857,PRIORITY HEALTH INSURANCE COMPANY,Priority Health Medicare,Spectrum Health System,1,PriorityHealth
2016,H3503,SANFORD HEART OF AMERICA HEALTH PLAN,Sanford Heart of America Health Plan,Sanford,1,Sanford
2017,H3503,SANFORD HEART OF AMERICA HEALTH PLAN,Sanford Heart of America Health Plan,Sanford,1,Sanford
2018,H3503,SANFORD HEART OF AMERICA HEALTH PLAN,Sanford Heart of America Health Plan,Sanford,1,Sanford
2019,H1787,"GOOD SAMARITAN INSURANCE PLAN OF SOUTH DAKOTA, INC",Great Plains Medicare Advantage,Sanford Health,1,Sanford
2019,H7511,"GOOD SAMARITAN INSURANCE PLAN OF NEBRASKA, INC.",Great Plains Medicare Advantage,Sanford Health,1,Sanford
2019,H8967,"GOOD SAMARITAN INSURANCE PLAN OF NORTH DAKOTA, LLC",Great Plains Medicare Advantage,Sanford Health,1,Sanford
2020,H1787,"GOOD SAMARITAN INSURANCE PLAN OF SOUTH DAKOTA, INC",Great Plains Medicare Advantage,Sanford Health,1,Sanford
2020,H7511,"GOOD SAMARITAN INSURANCE PLAN OF NEBRASKA, INC.",Great Plains Medicare Advantage,Sanford Health,1,Sanford
2020,H8967,"GOOD SAMARITAN INSURANCE PLAN OF NORTH DAKOTA, LLC",Great Plains Medicare Advantage,Sanford Health,1,Sanford
2015,H3503,SANFORD HEART OF AMERICA HEALTH PLAN,Sanford Heart of America Health Plan,Sanford Health Plan,1,Sanford
2015,H4564,SCOTT AND WHITE HEALTH PLAN,Scott and White Health Plan SeniorCare,Baylor Scott & White Holdings,1,ScottandWhite
2015,H8237,INSURANCE COMPANY OF SCOTT AND WHITE,Vital Traditions,Baylor Scott & White Holdings,1,ScottandWhite
2016,H4564,SCOTT AND WHITE HEALTH PLAN,SeniorCare (Cost),Baylor Scott & White Holdings,1,ScottandWhite
2016,H8237,INSURANCE COMPANY OF SCOTT AND WHITE,Vital Traditions (HMO HMO-POS),Baylor Scott & White Holdings,1,ScottandWhite
2017,H4564,SCOTT AND WHITE HEALTH PLAN,Baylor Scott & White Health Plan,Baylor Scott & White Holdings,1,ScottandWhite
2017,H8237,INSURANCE COMPANY OF SCOTT AND WHITE,Baylor Scott & White Health Plan,Baylor Scott & White Holdings,1,ScottandWhite
2018,H2032,INSURANCE COMPANY OF SCOTT AND WHITE,Scott and White Health Plan,Baylor Scott & White Holdings,1,ScottandWhite
2018,H4564,SCOTT AND WHITE HEALTH PLAN,Scott and White Health Plan,Baylor Scott & White Holdings,1,ScottandWhite
2018,H8142,SCOTT AND WHITE HEALTH PLAN,Scott and White Health Plan,Baylor Scott & White Holdings,1,ScottandWhite
2018,H8237,INSURANCE COMPANY OF SCOTT AND WHITE,Scott and White Health Plan,Baylor Scott & White Holdings,1,ScottandWhite
2019,H2032,INSURANCE COMPANY OF SCOTT AND WHITE,Scott and White Health Plan,Baylor Scott & White Holdings,1,ScottandWhite
2019,H8142,SCOTT AND WHITE HEALTH PLAN,Scott and White Health Plan,Baylor Scott & White Holdings,1,ScottandWhite
2020,H2032,INSURANCE COMPANY OF SCOTT AND WHITE,Scott and White Health Plan,Baylor Scott & White Holdings,1,ScottandWhite
2020,H8142,SCOTT AND WHITE HEALTH PLAN,Scott and White Health Plan,Baylor Scott & White Holdings,1,ScottandWhite
2015,H4525,"SHA, L.L.C",FirstCare Advantage,Covenant Health - Hendrick Medical Center,1,ScottandWhite
2016,H4525,"SHA, L.L.C",FirstCare Advantage,Covenant Health - Hendrick Medical Center,1,ScottandWhite
2015,H5211,"SECURITY HEALTH PLAN OF WISCONSIN, INC.","Security Health Plan of Wisconsin, Inc.","Marshfield Clinic Health System, Inc.",1,Security
2016,H4388,"SECURITY HEALTH PLAN OF WISCONSIN, INC.","Security Health Plan of Wisconsin, Inc.","Marshfield Clinic Health System, Inc.",1,Security
2016,H5211,"SECURITY HEALTH PLAN OF WISCONSIN, INC.","Security Health Plan of Wisconsin, Inc.","Marshfield Clinic Health System, Inc.",1,Security
2017,H4388,"SECURITY HEALTH PLAN OF WISCONSIN, INC.","Security Health Plan of Wisconsin, Inc.","Marshfield Clinic Health System, Inc.",1,Security
2017,H5211,"SECURITY HEALTH PLAN OF WISCONSIN, INC.","Security Health Plan of Wisconsin, Inc.","Marshfield Clinic Health System, Inc.",1,Security
2018,H4388,"SECURITY HEALTH PLAN OF WISCONSIN, INC.","Security Health Plan of Wisconsin, Inc.","Marshfield Clinic Health System, Inc.",1,Security
2018,H5211,"SECURITY HEALTH PLAN OF WISCONSIN, INC.","Security Health Plan of Wisconsin, Inc.","Marshfield Clinic Health System, Inc.",1,Security
2019,H4388,"SECURITY HEALTH PLAN OF WISCONSIN, INC.","Security Health Plan of Wisconsin, Inc.","Marshfield Clinic Health System, Inc.",1,Security
2019,H5211,"SECURITY HEALTH PLAN OF WISCONSIN, INC.","Security Health Plan of Wisconsin, Inc.","Marshfield Clinic Health System, Inc.",1,Security
2020,H4388,"SECURITY HEALTH PLAN OF WISCONSIN, INC.","Security Health Plan of Wisconsin, Inc.","Marshfield Clinic Health System, Inc.",1,Security
2020,H5211,"SECURITY HEALTH PLAN OF WISCONSIN, INC.","Security Health Plan of Wisconsin, Inc.","Marshfield Clinic Health System, Inc.",1,Security
2015,H1994,"SELECTHEALTH, INC.",SelectHealth,"Intermountain Health Care, Inc.",1,SelectHealth
2016,H1994,"SELECTHEALTH, INC.",SelectHealth,"Intermountain Health Care, Inc.",1,SelectHealth
2017,H1994,"SELECTHEALTH, INC.",SelectHealth,"Intermountain Health Care, Inc.",1,SelectHealth
2018,H1994,"SELECTHEALTH, INC.",SelectHealth,"Intermountain Health Care, Inc.",1,SelectHealth
2019,H1994,"SELECTHEALTH, INC.",SelectHealth,"Intermountain Health Care, Inc.",1,SelectHealth
2020,H1994,"SELECTHEALTH, INC.",SelectHealth,"Intermountain Health Care, Inc.",1,SelectHealth
2015,H2456,UCARE MINNESOTA,UCare's MSHO,UCare Minnesota,1,UCare
2015,H2459,UCARE MINNESOTA,UCare,UCare Minnesota,1,UCare
2015,H4270,"UCARE HEALTH, INC.",UCare,UCare Minnesota,1,UCare
2016,H0735,UCARE MINNESOTA,EssentiaCare,UCare Minnesota,1,UCare
2016,H2456,UCARE MINNESOTA,UCare's MSHO,UCare Minnesota,1,UCare
2016,H2459,UCARE MINNESOTA,UCare,UCare Minnesota,1,UCare
2017,H0735,UCARE MINNESOTA,EssentiaCare,UCare Minnesota,1,UCare
2017,H2456,UCARE MINNESOTA,UCare's MSHO,UCare Minnesota,1,UCare
2017,H2459,UCARE MINNESOTA,UCare,UCare Minnesota,1,UCare
2017,H5937,UCARE MINNESOTA,UCare,UCare Minnesota,1,UCare
2018,H0735,UCARE MINNESOTA,EssentiaCare,UCare Minnesota,1,UCare
2018,H2456,UCARE MINNESOTA,UCare's MSHO,UCare Minnesota,1,UCare
2018,H2459,UCARE MINNESOTA,UCare,UCare Minnesota,1,UCare
2018,H5937,UCARE MINNESOTA,UCare,UCare Minnesota,1,UCare
2019,H0422,"UCARE HEALTH, INC.",UCare,UCare Minnesota,1,UCare
2019,H2456,UCARE MINNESOTA,UCare's MSHO,UCare Minnesota,1,UCare
2019,H2459,UCARE MINNESOTA,UCare,UCare Minnesota,1,UCare
2019,H5937,UCARE MINNESOTA,UCare,UCare Minnesota,1,UCare
2019,H8783,"UCARE HEALTH, INC.",UCare,UCare Minnesota,1,UCare
2020,H0422,"UCARE HEALTH, INC.",UCare,UCare Minnesota,1,UCare
2020,H2456,UCARE MINNESOTA,UCare's MSHO,UCare Minnesota,1,UCare
2020,H2459,UCARE MINNESOTA,UCare,UCare Minnesota,1,UCare
2020,H5937,UCARE MINNESOTA,UCare,UCare Minnesota,1,UCare
2020,H8783,"UCARE HEALTH, INC.",UCare,UCare Minnesota,1,UCare
2015,H3907,"UPMC HEALTH PLAN, INC.",UPMC Health Plan,UPMC Health System,1,UPMC
2015,H3917,"PITTSBURGH CARE PARTNERSHIP, INC.",Community LIFE,UPMC Health System,1,UPMC
2015,H4279,"UPMC FOR YOU, INC",UPMC for You,UPMC Health System,1,UPMC
2015,H5533,"UPMC HEALTH NETWORK, INC.",UPMC Health Plan,UPMC Health System,1,UPMC
2015,S3389,"UPMC HEALTH BENEFITS, INC.",UPMC Health Plan,UPMC Health System,1,UPMC
2016,H3907,"UPMC HEALTH PLAN, INC.",UPMC Health Plan,UPMC Health System,1,UPMC
2016,H3917,"PITTSBURGH CARE PARTNERSHIP, INC.",Community LIFE,UPMC Health System,1,UPMC
2016,H4279,"UPMC FOR YOU, INC",UPMC for You,UPMC Health System,1,UPMC
2016,H5533,"UPMC HEALTH NETWORK, INC.",UPMC Health Plan,UPMC Health System,1,UPMC
2016,S3389,"UPMC HEALTH BENEFITS, INC.",UPMC Health Plan,UPMC Health System,1,UPMC
2017,H3907,"UPMC HEALTH PLAN, INC.",UPMC Health Plan,UPMC Health System,1,UPMC
2017,H3917,"PITTSBURGH CARE PARTNERSHIP, INC.",Community LIFE,UPMC Health System,1,UPMC
2017,H4279,"UPMC FOR YOU, INC",UPMC for You,UPMC Health System,1,UPMC
2017,H5533,"UPMC HEALTH NETWORK, INC.",UPMC Health Plan,UPMC Health System,1,UPMC
2017,S3389,"UPMC HEALTH BENEFITS, INC.",UPMC Health Plan,UPMC Health System,1,UPMC
2018,H3907,"UPMC HEALTH PLAN, INC.",UPMC Health Plan,UPMC Health System,1,UPMC
2018,H3917,"PITTSBURGH CARE PARTNERSHIP, INC.",Community LIFE,UPMC Health System,1,UPMC
2018,H4279,"UPMC FOR YOU, INC",UPMC for You,UPMC Health System,1,UPMC
2018,H5533,"UPMC HEALTH NETWORK, INC.",UPMC Health Plan,UPMC Health System,1,UPMC
2018,S3389,"UPMC HEALTH BENEFITS, INC.",UPMC Health Plan,UPMC Health System,1,UPMC
2019,H3907,"UPMC HEALTH PLAN, INC.",UPMC for Life,UPMC Health System,1,UPMC
2019,H3917,"PITTSBURGH CARE PARTNERSHIP, INC.",Community LIFE,UPMC Health System,1,UPMC
2019,H4279,"UPMC FOR YOU, INC",UPMC for Life Dual,UPMC Health System,1,UPMC
2019,H5533,"UPMC HEALTH NETWORK, INC.",UPMC for Life,UPMC Health System,1,UPMC
2019,S3389,"UPMC HEALTH BENEFITS, INC.",UPMC Health Plan,UPMC Health System,1,UPMC
2020,H3907,"UPMC HEALTH PLAN, INC.",UPMC for Life,UPMC Health System,1,UPMC
2020,H3917,"PITTSBURGH CARE PARTNERSHIP, INC.",Community LIFE,UPMC Health System,1,UPMC
2020,H4279,"UPMC FOR YOU, INC",UPMC for Life Dual,UPMC Health System,1,UPMC
2020,H5533,"UPMC HEALTH NETWORK, INC.",UPMC for Life,UPMC Health System,1,UPMC
2020,H7123,"UPMC HEALTH COVERAGE, INC.",UPMC for Life Dual,UPMC Health System,1,UPMC
2020,S3389,"UPMC HEALTH BENEFITS, INC.",UPMC Health Plan,UPMC Health System,1,UPMC
